USE A01;

INSERT INTO owners (id, owner_name, age, email, phone) VALUES
(1,'Alice Smith',34,'alice@example.com','555-1010'),
(2,'Bob Johnson',45,NULL,'555-2020'),
(3,'Carol Lee',29,'carol.lee@gmail.com','555-3030'),
(4,'David Kim',52,'david.kim@yahoo.com',NULL),
(5,'Eve Brown',41,'eve.b@example.com','555-5050'),
(6,'Frank Moore',38,'frank.moore@gmail.com','555-6060'),
(7,'Grace Chen',27,NULL,'555-7070'),
(8,'Henry Wilson',50,'henry.wilson@outlook.com','555-8080'),
(9,'Irene Adams',36,'irene.adams@gmail.com','555-9090'),
(10,'Jack White',44,NULL,'555-1111'),
(11,'Karen Hill',33,'karen.hill@yahoo.com','555-1212'),
(12,'Leo Scott',39,'leo.scott@example.com','555-1313'),
(13,'Mia Young',28,NULL,'555-1414'),
(14,'Nick Allen',46,'nick.allen@gmail.com','555-1515'),
(15,'Olivia Baker',31,'olivia.baker@example.com','555-1616'),
(16,'Paul Turner',42,'paul.turner@aol.com','555-1717'),
(17,'Quinn Foster',37,NULL,'555-1818'),
(18,'Rachel Adams',30,'rachel.adams@gmail.com','555-1919'),
(19,'Steve Parker',49,'steve.parker@outlook.com',NULL),
(20,'Tina Brooks',26,'tina.b@example.com','555-2021');

INSERT INTO dogs (id, owner_id, breed, year_of_birth, color) VALUES
(1,1,'Labrador',2019,'black'),
(2,1,'Beagle',2021,'brown'),
(3,2,'German Shepherd',2018,'black'),
(4,3,'Poodle',2020,'white'),
(5,3,'Bulldog',2017,'brown'),
(6,4,'Chihuahua',2022,'tan'),
(7,5,'Dachshund',2020,'black'),
(8,6,'Boxer',2023,'brindle'),
(9,6,'Husky',2019,'white'),
(10,7,'Rottweiler',2018,'black'),
(11,8,'Pomeranian',2021,'brown'),
(12,8,'Shih Tzu',2016,'white'),
(13,9,'Cocker Spaniel',2020,'golden'),
(14,10,'Great Dane',2023,'gray'),
(15,11,'Maltese',2019,'white'),
(16,12,'Border Collie',2020,'black'),
(17,13,'Samoyed',2018,'white'),
(18,14,'Boston Terrier',2021,'brindle'),
(19,14,'Doberman',2017,'black'),
(20,15,'Bichon Frise',2019,'white'),
(21,16,'Akita',2022,'brown'),
(22,16,'Greyhound',2020,'gray'),
(23,17,'Papillon',2021,'white'),
(24,18,'Lhasa Apso',2018,'tan'),
(25,18,'Shiba Inu',2022,'red'),
(26,19,'Cane Corso',2017,'black'),
(27,20,'Saint Bernard',2019,'brown'),
(28,20,'Pekingese',2020,'white'),
(29,5,'Hound',2021,'golden'),
(30,2,'Doberman',2023,'black'),
(31,3,'Mastiff',2016,'fawn'),
(32,6,'Weimaraner',2019,'gray'),
(33,7,'Irish Setter',2021,'red'),
(34,10,'Mini Schnauzer',2022,'salt-pepper'),
(35,12,'Collie',2020,'tricolor'),
(36,13,'Retriever',2018,'golden'),
(37,14,'Whippet',2021,'white'),
(38,15,'Italian Greyhound',2019,'gray'),
(39,1,'English Setter',2022,'orange'),
(40,4,'Australian Shepherd',2021,'merle');

INSERT INTO dog_names (id, name) VALUES
(1,'Buddy'),
(2,'Daisy'),
(3,'Rex'),
(4,'Coco'),
(5,'Max'),
(6,'Bella'),
(7,'Luna'),
(8,'Charlie'),
(9,'Molly'),
(10,'Rocky'),
(11,'Sophie'),
(12,'Toby'),
(13,'Bailey'),
(14,'Sadie'),
(15,'Lucy'),
(16,'Cooper'),
(17,'Maggie'),
(18,'Duke'),
(19,'Rosie'),
(20,'Oscar'),
(21,'Chloe'),
(22,'Leo'),
(23,'Ruby'),
(24,'Zoe'),
(25,'Harley'),
(26,'Riley'),
(27,'Simba'),
(28,'Nala'),
(29,'Teddy'),
(30,'Finn'),
(31,'Stella'),
(32,'Gus'),
(33,'Loki'),
(34,'Mia'),
(35,'Koda');

INSERT INTO dog_rooms (room_id, dog_id, num_per_room) VALUES
(1,1,3),
(1,2,3),
(1,39,3),
(2,3,2),
(3,4,2),
(3,5,2),
(4,6,1),
(5,7,2),
(6,8,2),
(6,9,2),
(7,10,1),
(8,11,2),
(8,12,2),
(9,13,1),
(10,14,2),
(11,15,1),
(12,16,2),
(12,35,2),
(13,17,1),
(14,18,2),
(14,25,2);

INSERT INTO check_in (room_id, dog_id, owner_id, paid, check_in_day, check_out_day) VALUES
(1,1,1,TRUE,'2023-01-10 10:00','2023-01-12 14:00'),
(1,2,1,FALSE,'2023-01-10 10:00','2023-01-12 14:00'),
(1,39,1,TRUE,'2023-01-10 10:00','2023-01-12 14:00'),
(2,3,2,TRUE,'2023-02-05 09:00','2023-02-06 16:00'),
(3,4,3,TRUE,'2023-03-12 08:00','2023-03-14 18:00'),
(3,5,3,FALSE,'2023-03-12 08:00','2023-03-14 18:00'),
(4,6,4,TRUE,'2023-04-01 12:00','2023-04-03 10:00'),
(5,7,5,FALSE,'2023-05-15 09:30','2023-05-16 11:00'),
(6,8,6,TRUE,'2023-06-10 14:00','2023-06-12 09:00'),
(6,9,6,FALSE,'2023-06-10 14:00','2023-06-12 09:00'),
(7,10,7,TRUE,'2023-07-08 10:00','2023-07-10 17:00'),
(8,11,8,FALSE,'2023-08-20 11:00','2023-08-22 15:00'),
(8,12,8,TRUE,'2023-08-20 11:00','2023-08-22 15:00'),
(9,13,9,TRUE,'2023-09-01 09:00','2023-09-03 12:00'),
(10,14,10,FALSE,'2023-10-05 08:30','2023-10-06 14:00'),
(11,15,11,TRUE,'2023-11-10 10:00','2023-11-12 16:00'),
(12,16,12,TRUE,'2023-12-01 12:00','2023-12-03 09:00'),
(12,35,12,FALSE,'2023-12-01 12:00','2023-12-03 09:00'),
(13,17,13,TRUE,'2024-01-15 09:00','2024-01-17 11:00'),
(14,18,14,FALSE,'2024-02-20 10:00','2024-02-22 14:00'),
(14,25,18,TRUE,'2024-02-20 10:00','2024-02-22 14:00'),
(15,19,19,TRUE,'2024-03-10 08:00','2024-03-12 12:00'),
(16,20,20,FALSE,'2024-04-05 09:00','2024-04-07 13:00'),
(17,21,16,TRUE,'2024-05-12 11:00','2024-05-14 15:00'),
(18,22,16,FALSE,'2024-06-18 08:30','2024-06-20 14:00'),
(19,23,17,TRUE,'2024-07-22 09:00','2024-07-24 11:00'),
(20,24,18,FALSE,'2024-08-01 10:00','2024-08-03 12:00'),
(21,26,19,TRUE,'2024-09-10 08:00','2024-09-12 13:00'),
(22,27,20,TRUE,'2024-10-05 09:00','2024-10-07 15:00'),
(22,28,20,FALSE,'2024-10-05 09:00','2024-10-07 15:00'),
(23,29,5,TRUE,'2024-11-01 11:00','2024-11-03 14:00');

SELECT * FROM owners;
SELECT * FROM dogs;
SELECT * FROM dog_names;
SELECT * FROM dog_rooms;
SELECT * FROM check_in;

